<?xml version="1.0" encoding="UTF-8"?>
<configuration>

	<appender name="FILE" class="ch.qos.logback.core.rolling.RollingFileAppender">
		<file>../excersise/target/logFile.log</file>
		<encoder class="ch.qos.logback.classic.encoder.PatternLayoutEncoder">
			<Pattern>%d{yyyy-MM-dd_HH:mm:ss.SSS} [%thread] %-5level %logger{36} - %msg%n</Pattern>
		</encoder>
 
		<rollingPolicy class="ch.qos.logback.core.rolling.FixedWindowRollingPolicy">
			<FileNamePattern>c:/jcg.%i.log.zip</FileNamePattern>
			<MinIndex>1</MinIndex>
			<MaxIndex>10</MaxIndex>
		</rollingPolicy>
 
		<triggeringPolicy class="ch.qos.logback.core.rolling.SizeBasedTriggeringPolicy">
			<MaxFileSize>2MB</MaxFileSize>
		</triggeringPolicy>
	</appender>

	<logger name="logger" level="INFO" additivity="false">
            <appender-ref ref="FILE" />
	</logger>

	<root level="DEBUG">
		<appender-ref ref="FILE" />
	</root>
</configuration>